iter	Logloss
0	0.6815264862
1	0.6727303686
